序号,链接,节点数
0,https://Fu7oEJ.absslk.xyz/a94b98b216c4bfa4fed0cd05eeb4a881,0
1,https://Oh6Q4A.mcsslk.xyz/26c8bd8949b979d0fc48c25b340abe95,0
2,https://gist.githubusercontent.com/peasoft/40b87245630092f30cc98af61190b4e2/raw/,10
3,https://gitlab.com/colloq168/nodefiltrate/-/raw/main/filtrate?ref_type=heads,0
4,https://raw.githubusercontent.com/Alvin9999/pac2/master/clash.meta2/1/config.yaml,0
5,https://raw.githubusercontent.com/Alvin9999/pac2/master/clash.meta2/13/config.yaml,0
6,https://raw.githubusercontent.com/Alvin9999/pac2/master/clash.meta2/15/config.yaml,0
7,https://raw.githubusercontent.com/Alvin9999/pac2/master/clash.meta2/2/config.yaml,0
8,https://raw.githubusercontent.com/Alvin9999/pac2/master/clash.meta2/config.yaml,0
9,https://raw.githubusercontent.com/Huibq/TrojanLinks/master/links/vmess,0
10,https://raw.githubusercontent.com/Surfboardv2ray/TGParse/main/python/hy2,16
11,https://raw.githubusercontent.com/Surfboardv2ray/TGParse/main/python/hysteria2,32
12,https://raw.githubusercontent.com/qjlxg/hy2/main/splitted/hy2,0
13,https://raw.githubusercontent.com/ripaojiedian/freenode/main/clash,14
14,https://raw.githubusercontent.com/ripaojiedian/freenode/main/sub,14
15,https://raw.githubusercontent.com/zhangkaiitugithub/passcro/main/speednodes.yaml,42

总计,,91
